timestamp,sender,receiver,message
2025-01-09 14:22:12,zlp,admin,今天中午吃什么
2025-01-09 14:41:57,admin,zlp,吃黄焖鸡米饭
2025-01-09 14:50:41,zlp,admin,我觉得不行
2025-01-09 15:16:51,zlp,admin,测试数据
2025-01-09 15:24:54,admin,zlp,测试数据1111
2025-01-09 15:25:07,zlp,admin,测试数据2222
2025-02-05 13:21:13,zlp,admin,测试数据3333
2025-02-05 13:21:47,zlp,admin,测试数据4444
2025-02-05 13:22:24,zlp,admin,测试数据5555
2025-02-05 13:24:25,admin,zlp,测试数据6666
2025-02-05 13:38:38,zlp,admin,测试数据7777
2025-02-05 13:41:44,zlp,admin,测试数据aaaa
2025-02-05 13:50:01,zlp,admin,测试数据bbbb
2025-02-05 13:50:43,zlp,admin,测试数据cccc
2025-02-05 14:08:24,zlp,admin,测试数据dddd
2025-02-05 14:22:57,zlp,admin,测试数据eeee
2025-02-05 14:24:06,zlp,admin,测试数据ffff
2025-02-05 14:25:11,zlp,admin,测试数据gggg
2025-02-05 14:25:39,zlp,admin,测试数据hhhh
2025-02-05 14:28:57,zlp,admin,测试数据：你好
2025-02-05 14:29:14,zlp,admin,测试数据：你好
