username,nickname,gender,bio,avatar_path
admin,管理员,male,有事请留言,avatars/admin.png
zlp,曾李平,male,****大学牛逼研究生。,avatars/zlp.png
lf,刘帆,male,著名企业家，具体有多牛逼嘞，就是说要多牛逼多牛逼，简直无敌；短短80年就赚到了高达20块钱！！！,avatars/default.png
user1,用户1,male,著名教师,avatars/default.png
user2,用户2,male,著名教师,avatars/default.png
user3,用户3,male,著名教师,avatars/default.png
user4,用户4,male,著名教师,avatars/default.png
user5,用户5,male,著名教师,avatars/default.png
user6,用户6,male,著名教师,avatars/default.png
user7,用户7,male,著名教师,avatars/default.png
user8,用户8,male,著名教师,avatars/default.png
user9,用户9,male,著名教师,avatars/default.png
user10,用户10,male,著名教师,avatars/default.png
user11,用户11,male,著名教师,avatars/default.png
user12,用户12,male,著名教师,avatars/default.png
user13,用户13,male,著名教师,avatars/default.png
user14,用户14,male,著名教师,avatars/default.png
user15,用户15,male,著名教师,avatars/default.png
user16,用户16,male,著名教师,avatars/default.png
user17,用户17,male,著名教师,avatars/default.png
user18,用户18,male,著名教师,avatars/default.png
user19,用户19,male,著名教师,avatars/default.png
user20,用户20,male,著名教师,avatars/default.png
user21,用户21,male,著名教师,avatars/default.png
user22,用户22,male,著名教师,avatars/default.png
user23,用户23,male,著名教师,avatars/default.png
user24,用户24,male,著名教师,avatars/default.png
user25,用户25,male,著名教师,avatars/default.png
user26,用户26,male,著名教师,avatars/default.png
user27,用户27,male,著名教师,avatars/default.png
user28,用户28,male,著名教师,avatars/default.png
user29,用户29,male,著名教师,avatars/default.png
user30,用户30,male,著名教师,avatars/default.png
user31,用户31,male,著名教师,avatars/default.png
user32,用户32,male,著名教师,avatars/default.png
user33,用户33,male,著名教师,avatars/default.png
user34,用户34,male,著名教师,avatars/default.png
user35,用户35,male,著名教师,avatars/default.png
user36,用户36,male,著名教师,avatars/default.png